{
    "elements": {
      "nodes": [
        {"data": {"id": "Natural language processing"}},
        {"data": {"id": "\nArtificial intelligence and machine learning"}},
        {"data": {"id": "a subset"}},
        {"data": {"id": "Deep learning"}},
        {"data": {"id": "neural networks"}},
        {"data": {"id": "artificial intelligence"}},
        {"data": {"id": "closely related fields"}},
        {"data": {"id": "machine learning"}},
        {"data": {"id": "a key application"}},
        {"data": {"id": "that"}}
      ],
      "edges": []
    }
  }
  